"Time (s)","Distance (cm)"
3.636333335E-3,5.000000000E0
7.380400417E-1,0.000000000E0
2.304278933E1,5.000000000E0