"Time (s)","Distance (cm)"
3.343833334E-3,5.000000000E0
9.299010000E-1,0.000000000E0
2.826737563E1,5.000000000E0