"Time (s)","Distance (cm)"
7.304333332E-3,5.000000000E0
6.442450417E-1,0.000000000E0
2.992472358E1,5.000000000E0