"Time (s)","Distance (cm)"
6.654291661E-3,5.000000000E0
5.381245833E-1,0.000000000E0
2.633666937E1,5.000000000E0