"Time (s)","Distance (cm)"
3.275458337E-3,5.000000000E0
5.302678750E-1,0.000000000E0
4.022528750E1,5.000000000E0