"Time (s)","Distance (cm)"
3.761250002E-3,5.000000000E0
6.137270000E-1,0.000000000E0
2.369855637E1,5.000000000E0