timestep,dis
0.003343833334,5.0
0.933244833334,0.0
29.200620463334,5.0
29.203415338341003,5.0
30.032239171641002,0.0
68.486934841641,5.0
68.489803091639,5.0
69.386652466639,0.0
101.30228663663901,5.0
101.30585059497601,5.0
102.20273155327601,0.0
130.38479030327602,5.0
130.388065761613,5.0
130.918333636613,0.0
171.143621136613,5.0
171.147382386615,5.0
171.761109386615,0.0
195.459665756615,5.0
