timestep,dis
0.003343833334,5.0
0.929901,0.0
28.26737563,5.0
28.26737563,5.0
29.093404588293,0.0
66.719276424993,5.0
66.719276424993,5.0
67.613257549995,0.0
98.632042344995,5.0
98.632042344995,5.0
99.525359344958,0.0
126.81053713665801,5.0
126.81053713665801,5.0
127.33752955332102,0.0
167.032549178321,5.0
167.032549178321,5.0
167.642514928319,0.0
190.727344298319,5.0
