timestep,dis
0.003343833334,5.0
0.929901,0.0
28.26737563,5.0
55.60485026,5.0
56.430879218293,0.0
94.056751054993,5.0
131.682622891693,5.0
132.576604016695,0.0
163.595388811695,5.0
194.61417360669498,5.0
195.50749060665797,0.0
222.79266839835796,5.0
250.07784619005795,5.0
250.60483860672096,0.0
290.299858231721,5.0
329.99487785672096,5.0
330.604843606719,0.0
353.689672976719,5.0
