event,experiment_time
START,0.0
PAUSE,29.359565166669196
START,0.0
PAUSE,40.21850766666466
START,0.0
PAUSE,32.973439583322026
START,0.0
PAUSE,29.22404541667493
START,0.0
PAUSE,41.8875994583359
START,0.0
PAUSE,24.776055333335538
