"Time (s)","Distance (cm)"
8.132625000E-3,5.000000000E0
8.399349167E-1,0.000000000E0
2.268822262E1,5.000000000E0