"Time (s)","Distance (cm)"
3.563958337E-3,5.000000000E0
8.968809583E-1,0.000000000E0
2.818205875E1,5.000000000E0