"Time (s)","Distance (cm)"
2.679833331E-3,5.000000000E0
8.159817083E-1,0.000000000E0
1.844545267E1,5.000000000E0