"Time (s)","Distance (cm)"
2.794875007E-3,5.000000000E0
8.288238333E-1,0.000000000E0
3.845469567E1,5.000000000E0