"Time (s)","Distance (cm)"
7.514583333E-3,5.000000000E0
5.849491667E-1,0.000000000E0
4.426152333E1,5.000000000E0