timestep,dis
0.006421041668,5.0
0.0665145,0.0
0.184524125,5.0
0.8298475833,0.0
42.53545446,5.0
84.2410613367,5.0
84.833646378398,0.0
129.03674287669799,5.0
173.23983937499798,5.0
174.085235708299,0.0
206.290339879999,5.0
238.495444051699,5.0
239.072878635066,0.0
282.749452798366,5.0
326.426026961666,5.0
326.957497253305,0.0
352.756042040005,5.0
378.554586826705,5.0
379.191527535073,0.0
408.472006073373,5.0
