timestep,dis
0.006421041668,5.0
0.0665145,0.0
0.184524125,5.0
0.8298475833,0.0
42.53545446,5.0
0.003433500002,5.0
0.5960185417,0.0
44.79911504,5.0
0.006645624999000001,5.0
0.8520419583,0.0
33.05714613,5.0
0.007514583333000001,5.0
0.5849491667,0.0
44.26152333,5.0
0.006654291661,5.0
0.5381245833,0.0
26.33666937,5.0
0.007304333332,5.0
0.6442450417,0.0
29.92472358,5.0
