timestep,dis
0.006421041668,5.0
0.0665145,0.0
0.184524125,5.0
0.8298475833,0.0
42.53545446,5.0
42.53545446,5.0
43.128039501698,0.0
87.331135999998,5.0
87.331135999998,5.0
88.176532333299,0.0
120.381636504999,5.0
120.381636504999,5.0
120.95907108836599,0.0
164.635645251666,5.0
164.635645251666,5.0
165.16711554330502,0.0
190.96566033000502,5.0
190.96566033000502,5.0
191.60260103837302,0.0
220.88307957667303,5.0
