"Time (s)","Distance (cm)"
3.452708333E-3,5.000000000E0
7.972512917E-1,0.000000000E0
1.486389546E1,5.000000000E0