timestep,dis
0.003343833334,5.0
0.929901,0.0
28.26737563,5.0
0.0027948750069999996,5.0
0.8288238333,0.0
38.45469567,5.0
0.0028682499979999997,5.0
0.896849375,0.0
31.91563417,5.0
0.0035639583370000003,5.0
0.8968809583,0.0
28.18205875,5.0
0.003275458337,5.0
0.530267875,0.0
40.2252875,5.0
0.0037612500020000003,5.0
0.613727,0.0
23.69855637,5.0
