"Time (s)","Distance (cm)"
3.154166669E-3,5.000000000E0
7.252300833E-1,0.000000000E0
1.780824808E1,5.000000000E0