"Time (s)","Distance (cm)"
6.645624999E-3,5.000000000E0
8.520419583E-1,0.000000000E0
3.305714613E1,5.000000000E0