"Time (s)","Distance (cm)"
2.868249998E-3,5.000000000E0
8.968493750E-1,0.000000000E0
3.191563417E1,5.000000000E0