"Time (s)","Distance (cm)"
4.386708333E-3,5.000000000E0
6.861307083E-1,0.000000000E0
1.914940983E1,5.000000000E0