timestep,dis
0.008132625,5.0
0.8399349167,0.0
22.68822262,5.0
44.53651032330001,5.0
45.258586239931006,0.0
62.341604236631,5.0
79.424622233331,5.0
80.218420816698,0.0
94.285064984998,5.0
108.351709153298,5.0
109.086112861663,0.0
131.390862149963,5.0
153.695611438263,5.0
154.508913313232,0.0
172.138384274932,5.0
189.76785523663202,5.0
190.44959923659903,0.0
208.91287835829903,5.0
