timestep,dis
0.008132625,5.0
0.8399349167,0.0
22.68822262,5.0
22.68822262,5.0
23.410298536631,0.0
40.493316533331,5.0
40.493316533331,5.0
41.287115116698,0.0
55.353759284998,5.0
55.353759284998,5.0
56.088162993363,0.0
78.392912281663,5.0
78.392912281663,5.0
79.206214156632,0.0
96.83568511833201,5.0
96.83568511833201,5.0
97.517429118299,0.0
115.980708239999,5.0
