"Time (s)","Distance (cm)"
3.433500002E-3,5.000000000E0
5.960185417E-1,0.000000000E0
4.479911504E1,5.000000000E0